-- phpMyAdmin SQL Dump
-- version 3.3.9
-- http://www.phpmyadmin.net
--
-- Host: localhost
-- Generation Time: Jan 30, 2015 at 10:54 ÏÂÎç
-- Server version: 5.5.8
-- PHP Version: 5.3.5

SET SQL_MODE="NO_AUTO_VALUE_ON_ZERO";


/*!40101 SET @OLD_CHARACTER_SET_CLIENT=@@CHARACTER_SET_CLIENT */;
/*!40101 SET @OLD_CHARACTER_SET_RESULTS=@@CHARACTER_SET_RESULTS */;
/*!40101 SET @OLD_COLLATION_CONNECTION=@@COLLATION_CONNECTION */;
/*!40101 SET NAMES utf8 */;

--
-- Database: `trackstar_test`
--

-- --------------------------------------------------------

--
-- Table structure for table `authassignment`
--

CREATE TABLE IF NOT EXISTS `authassignment` (
  `itemname` varchar(64) NOT NULL,
  `userid` varchar(64) NOT NULL,
  `bizrule` text,
  `data` text,
  PRIMARY KEY (`itemname`,`userid`)
) ENGINE=InnoDB DEFAULT CHARSET=utf8;

--
-- Dumping data for table `authassignment`
--


-- --------------------------------------------------------

--
-- Table structure for table `authitem`
--

CREATE TABLE IF NOT EXISTS `authitem` (
  `name` varchar(64) NOT NULL,
  `type` int(11) NOT NULL,
  `description` text,
  `bizrule` text,
  `data` text,
  PRIMARY KEY (`name`)
) ENGINE=InnoDB DEFAULT CHARSET=utf8;

--
-- Dumping data for table `authitem`
--

INSERT INTO `authitem` (`name`, `type`, `description`, `bizrule`, `data`) VALUES
('createIssue', 0, 'crea te a new issue', NULL, 'N;'),
('createProject', 0, 'create a new project', NULL, 'N;'),
('createUser', 0, 'create a new user', NULL, 'N;'),
('deleteIssue', 0, 'dele te an issue from a project', NULL, 'N;'),
('deleteProject', 0, 'delete a project', NULL, 'N;'),
('deleteUser', 0, 'remove a user from a project', NULL, 'N;'),
('member', 2, '', NULL, 'N;'),
('owner', 2, '', NULL, 'N;'),
('reader', 2, '', NULL, 'N;'),
('readIssue', 0, 'read issue information', NULL, 'N;'),
('readProject', 0, 'read project information', NULL, 'N;'),
('readUser', 0, 'read user profile information', NULL, 'N;'),
('updateIssue', 0, 'upda te issue information', NULL, 'N;'),
('updateProject', 0, 'update project information', NULL, 'N;'),
('updateUser', 0, 'update a users information', NULL, 'N;');

-- --------------------------------------------------------

--
-- Table structure for table `authitemchild`
--

CREATE TABLE IF NOT EXISTS `authitemchild` (
  `parent` varchar(64) NOT NULL,
  `child` varchar(64) NOT NULL,
  PRIMARY KEY (`parent`,`child`),
  KEY `child` (`child`)
) ENGINE=InnoDB DEFAULT CHARSET=utf8;

--
-- Dumping data for table `authitemchild`
--

INSERT INTO `authitemchild` (`parent`, `child`) VALUES
('member', 'createIssue'),
('owner', 'createProject'),
('owner', 'createUser'),
('member', 'deleteIssue'),
('owner', 'deleteProject'),
('owner', 'deleteUser'),
('owner', 'member'),
('member', 'reader'),
('owner', 'reader'),
('reader', 'readIssue'),
('reader', 'readProject'),
('reader', 'readUser'),
('member', 'updateIssue'),
('owner', 'updateProject'),
('owner', 'updateUser');

-- --------------------------------------------------------

--
-- Table structure for table `tbl_comment`
--

CREATE TABLE IF NOT EXISTS `tbl_comment` (
  `id` int(11) NOT NULL AUTO_INCREMENT,
  `content` text NOT NULL,
  `issue_id` int(11) DEFAULT NULL,
  `create_time` datetime DEFAULT NULL,
  `create_user_id` int(11) DEFAULT NULL,
  `update_time` datetime DEFAULT NULL,
  `update_user_id` int(11) DEFAULT NULL,
  PRIMARY KEY (`id`),
  KEY `FK_comment_issue` (`issue_id`),
  KEY `FK_comment_author` (`create_user_id`)
) ENGINE=InnoDB  DEFAULT CHARSET=utf8 AUTO_INCREMENT=4 ;

--
-- Dumping data for table `tbl_comment`
--

INSERT INTO `tbl_comment` (`id`, `content`, `issue_id`, `create_time`, `create_user_id`, `update_time`, `update_user_id`) VALUES
(1, 'Test comment 1 on issue bug number 1', 1, '0000-00-00 00:00:00', 1, '0000-00-00 00:00:00', 1),
(2, 'Test comment 2 on issue bug number 1', 1, '0000-00-00 00:00:00', 1, '0000-00-00 00:00:00', 1),
(3, 'The first test comment on the first feature issue associated with Project #3', 3, '0000-00-00 00:00:00', NULL, '0000-00-00 00:00:00', NULL);

-- --------------------------------------------------------

--
-- Table structure for table `tbl_issue`
--

CREATE TABLE IF NOT EXISTS `tbl_issue` (
  `id` int(11) NOT NULL AUTO_INCREMENT,
  `name` varchar(256) NOT NULL,
  `description` varchar(2000) DEFAULT NULL,
  `project_id` int(11) DEFAULT NULL,
  `type_id` int(11) DEFAULT NULL,
  `status_id` int(11) DEFAULT NULL,
  `owner_id` int(11) DEFAULT NULL,
  `requester_id` int(11) DEFAULT NULL,
  `create_time` datetime DEFAULT NULL,
  `create_user_id` int(11) DEFAULT NULL,
  `update_time` datetime DEFAULT NULL,
  `update_user_id` int(11) DEFAULT NULL,
  PRIMARY KEY (`id`),
  KEY `project_id` (`project_id`),
  KEY `FK_issue_owner` (`owner_id`),
  KEY `FK_issue_requester` (`requester_id`)
) ENGINE=InnoDB  DEFAULT CHARSET=utf8 AUTO_INCREMENT=4 ;

--
-- Dumping data for table `tbl_issue`
--

INSERT INTO `tbl_issue` (`id`, `name`, `description`, `project_id`, `type_id`, `status_id`, `owner_id`, `requester_id`, `create_time`, `create_user_id`, `update_time`, `update_user_id`) VALUES
(1, 'Test Bug 1', 'This is test bug for project 1', 1, 0, 1, 1, 2, '0000-00-00 00:00:00', NULL, '0000-00-00 00:00:00', NULL),
(2, 'Test Bug 2', 'This is test bug for project 2', 2, 1, 0, 2, 1, '0000-00-00 00:00:00', NULL, '0000-00-00 00:00:00', NULL),
(3, 'Test Feature For Project 3', 'This is a test feature issue associated with project\r\n		# 3 that is completed', 3, 1, 2, 1, 1, '0000-00-00 00:00:00', NULL, '0000-00-00 00:00:00', NULL);

-- --------------------------------------------------------

--
-- Table structure for table `tbl_project`
--

CREATE TABLE IF NOT EXISTS `tbl_project` (
  `id` int(11) NOT NULL AUTO_INCREMENT,
  `name` varchar(128) DEFAULT NULL,
  `description` text,
  `create_time` datetime DEFAULT NULL,
  `create_user_id` int(11) DEFAULT NULL,
  `update_time` datetime DEFAULT NULL,
  `update_user_id` int(11) DEFAULT NULL,
  PRIMARY KEY (`id`)
) ENGINE=InnoDB  DEFAULT CHARSET=utf8 AUTO_INCREMENT=4 ;

--
-- Dumping data for table `tbl_project`
--

INSERT INTO `tbl_project` (`id`, `name`, `description`, `create_time`, `create_user_id`, `update_time`, `update_user_id`) VALUES
(1, 'Test Project 1', 'this is test project 1', '0000-00-00 00:00:00', NULL, '0000-00-00 00:00:00', NULL),
(2, 'Test Project 2', 'this is test project 2', '0000-00-00 00:00:00', NULL, '0000-00-00 00:00:00', NULL),
(3, 'Test Project 3', 'this is test project 3', '0000-00-00 00:00:00', NULL, '0000-00-00 00:00:00', NULL);

-- --------------------------------------------------------

--
-- Table structure for table `tbl_project_user_assignment`
--

CREATE TABLE IF NOT EXISTS `tbl_project_user_assignment` (
  `project_id` int(11) NOT NULL,
  `user_id` int(11) NOT NULL,
  `create_time` datetime DEFAULT NULL,
  `create_user_id` int(11) DEFAULT NULL,
  `update_time` datetime DEFAULT NULL,
  `update_user_id` int(11) DEFAULT NULL,
  PRIMARY KEY (`project_id`,`user_id`),
  KEY `FK_user_project` (`user_id`)
) ENGINE=InnoDB DEFAULT CHARSET=utf8;

--
-- Dumping data for table `tbl_project_user_assignment`
--

INSERT INTO `tbl_project_user_assignment` (`project_id`, `user_id`, `create_time`, `create_user_id`, `update_time`, `update_user_id`) VALUES
(1, 1, '0000-00-00 00:00:00', NULL, '0000-00-00 00:00:00', NULL),
(1, 2, '0000-00-00 00:00:00', NULL, '0000-00-00 00:00:00', NULL);

-- --------------------------------------------------------

--
-- Table structure for table `tbl_project_user_role`
--

CREATE TABLE IF NOT EXISTS `tbl_project_user_role` (
  `project_id` int(11) NOT NULL,
  `user_id` int(11) NOT NULL,
  `role` varchar(64) NOT NULL,
  PRIMARY KEY (`project_id`,`user_id`,`role`),
  KEY `user_id` (`user_id`),
  KEY `role` (`role`)
) ENGINE=InnoDB DEFAULT CHARSET=utf8;

--
-- Dumping data for table `tbl_project_user_role`
--

INSERT INTO `tbl_project_user_role` (`project_id`, `user_id`, `role`) VALUES
(2, 2, 'member');

-- --------------------------------------------------------

--
-- Table structure for table `tbl_sys_message`
--

CREATE TABLE IF NOT EXISTS `tbl_sys_message` (
  `id` int(11) NOT NULL AUTO_INCREMENT,
  `message` text NOT NULL,
  `create_time` datetime DEFAULT NULL,
  `create_user_id` int(11) DEFAULT NULL,
  `update_time` datetime DEFAULT NULL,
  `update_user_id` int(11) DEFAULT NULL,
  PRIMARY KEY (`id`)
) ENGINE=InnoDB DEFAULT CHARSET=utf8 AUTO_INCREMENT=1 ;

--
-- Dumping data for table `tbl_sys_message`
--


-- --------------------------------------------------------

--
-- Table structure for table `tbl_user`
--

CREATE TABLE IF NOT EXISTS `tbl_user` (
  `id` int(11) NOT NULL AUTO_INCREMENT,
  `email` varchar(256) NOT NULL,
  `username` varchar(256) DEFAULT NULL,
  `password` varchar(256) DEFAULT NULL,
  `last_login_time` datetime DEFAULT NULL,
  `create_time` datetime DEFAULT NULL,
  `create_user_id` int(11) DEFAULT NULL,
  `update_time` datetime DEFAULT NULL,
  `update_user_id` int(11) DEFAULT NULL,
  PRIMARY KEY (`id`)
) ENGINE=InnoDB  DEFAULT CHARSET=utf8 AUTO_INCREMENT=3 ;

--
-- Dumping data for table `tbl_user`
--

INSERT INTO `tbl_user` (`id`, `email`, `username`, `password`, `last_login_time`, `create_time`, `create_user_id`, `update_time`, `update_user_id`) VALUES
(1, 'test1@notanaddress.com', 'Test_User_One', '5a105e8b9d40e1329780d62ea2265d8a', '0000-00-00 00:00:00', '0000-00-00 00:00:00', NULL, '0000-00-00 00:00:00', NULL),
(2, 'test2@notanaddress.com', 'Test_User_Two', 'ad0234829205b9033196ba818f7a872b', '0000-00-00 00:00:00', '0000-00-00 00:00:00', NULL, '0000-00-00 00:00:00', NULL);

--
-- Constraints for dumped tables
--

--
-- Constraints for table `authassignment`
--
ALTER TABLE `authassignment`
  ADD CONSTRAINT `authassignment_ibfk_1` FOREIGN KEY (`itemname`) REFERENCES `authitem` (`name`) ON DELETE CASCADE ON UPDATE CASCADE;

--
-- Constraints for table `authitemchild`
--
ALTER TABLE `authitemchild`
  ADD CONSTRAINT `authitemchild_ibfk_1` FOREIGN KEY (`parent`) REFERENCES `authitem` (`name`) ON DELETE CASCADE ON UPDATE CASCADE,
  ADD CONSTRAINT `authitemchild_ibfk_2` FOREIGN KEY (`child`) REFERENCES `authitem` (`name`) ON DELETE CASCADE ON UPDATE CASCADE;

--
-- Constraints for table `tbl_comment`
--
ALTER TABLE `tbl_comment`
  ADD CONSTRAINT `FK_comment_author` FOREIGN KEY (`create_user_id`) REFERENCES `tbl_user` (`id`),
  ADD CONSTRAINT `FK_comment_issue` FOREIGN KEY (`issue_id`) REFERENCES `tbl_issue` (`id`);

--
-- Constraints for table `tbl_issue`
--
ALTER TABLE `tbl_issue`
  ADD CONSTRAINT `FK_issue_owner` FOREIGN KEY (`owner_id`) REFERENCES `tbl_user` (`id`) ON DELETE CASCADE,
  ADD CONSTRAINT `FK_issue_project` FOREIGN KEY (`project_id`) REFERENCES `tbl_project` (`id`) ON DELETE CASCADE,
  ADD CONSTRAINT `FK_issue_requester` FOREIGN KEY (`requester_id`) REFERENCES `tbl_user` (`id`) ON DELETE CASCADE;

--
-- Constraints for table `tbl_project_user_assignment`
--
ALTER TABLE `tbl_project_user_assignment`
  ADD CONSTRAINT `FK_project_user` FOREIGN KEY (`project_id`) REFERENCES `tbl_project` (`id`) ON DELETE CASCADE,
  ADD CONSTRAINT `FK_user_project` FOREIGN KEY (`user_id`) REFERENCES `tbl_user` (`id`) ON DELETE CASCADE;

--
-- Constraints for table `tbl_project_user_role`
--
ALTER TABLE `tbl_project_user_role`
  ADD CONSTRAINT `tbl_project_user_role_ibfk_1` FOREIGN KEY (`project_id`) REFERENCES `tbl_project` (`id`),
  ADD CONSTRAINT `tbl_project_user_role_ibfk_2` FOREIGN KEY (`user_id`) REFERENCES `tbl_user` (`id`),
  ADD CONSTRAINT `tbl_project_user_role_ibfk_3` FOREIGN KEY (`role`) REFERENCES `authitem` (`name`);
